id,class,x,y,z,confidence
0,object,7.063904541995248,0.034332828431751665,0.0,
